{
    "timestamp": "20260326_124133",
    "model": "smart_model_v2  (EfficientNet-B3)",
    "overall": {
        "accuracy": 0.9242919389978214,
        "f1_macro": 0.8962456891959064,
        "f1_weighted": 0.9248078705698772,
        "precision_macro": 0.9054189062673208,
        "recall_macro": 0.8902359749045763,
        "auc_roc_macro": 0.9859797592655689,
        "avg_inference_ms": 6.530006553815759,
        "fps": 153.1392031169797
    },
    "per_class": {
        "Sparse": {
            "TP": 980,
            "TN": 766,
            "FP": 22,
            "FN": 68,
            "sensitivity": 0.9351145038167938,
            "specificity": 0.9720812182741116,
            "ppv": 0.9780439121756487,
            "npv": 0.9184652278177458,
            "auc_roc": 0.9920140368892161
        },
        "Moderate": {
            "TP": 588,
            "TN": 1110,
            "FP": 100,
            "FN": 38,
            "sensitivity": 0.939297124600639,
            "specificity": 0.9173553719008265,
            "ppv": 0.8546511627906976,
            "npv": 0.9668989547038328,
            "auc_roc": 0.9770760172154306
        },
        "Dense": {
            "TP": 129,
            "TN": 1657,
            "FP": 17,
            "FN": 33,
            "sensitivity": 0.7962962962962963,
            "specificity": 0.9898446833930705,
            "ppv": 0.8835616438356164,
            "npv": 0.9804733727810651,
            "auc_roc": 0.9879566942490081
        }
    },
    "roc_auc": {
        "Sparse": 0.9920140368892161,
        "Moderate": 0.9770760172154306,
        "Dense": 0.9879566942490081
    }
}